name,datetime,tempmax,tempmin,temp,feelslikemax,feelslikemin,feelslike,dew,humidity,precip,precipprob,precipcover,preciptype,snow,snowdepth,windgust,windspeed,winddir,sealevelpressure,cloudcover,visibility,solarradiation,solarenergy,uvindex,severerisk,sunrise,sunset,moonphase,conditions,description,icon,stations
"Coimbatore,India",01/01/2024,84.2,71.6,76.4,86.5,71.6,77,67.5,75.1,0,0,0,,0,0,8.3,6.9,50.7,1014.9,60.7,2.2,220.3,19,8,10,2024-01-01T06:40:41,2024-01-01T18:10:10,0.67,Partially cloudy,Partly cloudy throughout the day.,partly-cloudy-day,"VOCB,43318099999,43321099999,43341099999,43335099999,43317099999"
"Coimbatore,India",02/01/2024,84.2,71.6,76.9,85.7,71.6,77.4,67,72.6,0,0,0,rain,0,0,11.6,8.1,55.6,1014.1,61,2.2,137,11.8,6,10,2024-01-02T06:41:05,2024-01-02T18:10:43,0.7,Partially cloudy,Partly cloudy throughout the day.,partly-cloudy-day,"VOCB,43318099999,43321099999,43341099999,43335099999,43317099999"
"Coimbatore,India",03/01/2024,82.4,71.5,76.7,85.4,71.5,77.4,68.1,75.5,0,0,0,,0,0,16.1,9.2,51.4,1013.6,70.1,2,178.7,15.6,6,10,2024-01-03T06:41:28,2024-01-03T18:11:16,0.73,Partially cloudy,Partly cloudy throughout the day.,partly-cloudy-day,"VOCB,43318099999,43321099999,43341099999,43335099999,43317099999"
"Coimbatore,India",04/01/2024,82,72.4,76,84.8,72.4,76.3,68.8,78.8,0.079,100,4.17,rain,0,0,11.2,9.2,42.6,1013.6,89.3,3.1,91.2,7.9,6,10,2024-01-04T06:41:50,2024-01-04T18:11:49,0.75,"Rain, Partially cloudy",Partly cloudy throughout the day with late afternoon rain.,rain,"VOCB,43318099999,43321099999,43341099999,43335099999,remote,43317099999"
"Coimbatore,India",05/01/2024,84.2,71.6,75.7,87.4,71.6,76,70.6,84.9,0.315,100,8.33,rain,0,0,13.9,5.9,30.4,1013.8,89.2,2,29,2.4,1,10,2024-01-05T06:42:12,2024-01-05T18:12:22,0.8,"Rain, Partially cloudy",Partly cloudy throughout the day with rain clearing later.,rain,"VOCB,43318099999,43321099999,43341099999,43335099999,43317099999"
"Coimbatore,India",06/01/2024,84.7,73.4,78.5,90,73.4,79.5,69.4,74.8,0,0,0,rain,0,0,11.4,6.9,67.2,1013.5,72.1,2.4,118.5,10.3,7,10,2024-01-06T06:42:33,2024-01-06T18:12:55,0.83,Partially cloudy,Partly cloudy throughout the day.,partly-cloudy-day,"VOCB,43321099999,43341099999,43335099999,43317099999"
"Coimbatore,India",07/01/2024,84.2,73.4,77.9,86.5,73.4,79,70.1,77.6,0,0,0,rain,0,0,14.8,9.2,55.7,1013.8,81.8,2.8,215.5,18.6,7,10,2024-01-07T06:42:53,2024-01-07T18:13:28,0.86,Partially cloudy,Partly cloudy throughout the day.,partly-cloudy-day,"VOCB,43318099999,43321099999,43341099999,43335099999,43317099999"
"Coimbatore,India",08/01/2024,80.6,73.4,76,84.6,73.4,76.2,70.8,84,0.016,100,4.17,rain,0,0,14.5,9.2,40.6,1014.5,89.5,2.8,136.7,11.7,7,10,2024-01-08T06:43:12,2024-01-08T18:14:00,0.9,"Rain, Partially cloudy",Partly cloudy throughout the day with afternoon rain.,rain,"VOCB,43318099999,43321099999,43341099999,43335099999,43317099999"
"Coimbatore,India",09/01/2024,75.2,71.6,73.4,75.2,71.6,73.4,71.2,92.9,0.236,100,8.33,rain,0,0,14.3,9.2,28.5,1014.8,91.1,1.9,110.3,9.6,8,10,2024-01-09T06:43:30,2024-01-09T18:14:33,0.93,"Rain, Overcast",Cloudy skies throughout the day with rain in the morning and afternoon.,rain,"VOCB,43318099999,43321099999,43341099999,43335099999,43317099999"
"Coimbatore,India",10/01/2024,82.4,69,75.9,83.4,69,76.1,67,75.6,0,0,0,rain,0,0,12.3,11.4,53.3,1014.7,84.2,2.9,160.2,13.7,7,10,2024-01-10T06:43:48,2024-01-10T18:15:05,0.96,Partially cloudy,Partly cloudy throughout the day.,partly-cloudy-day,"VOCB,43318099999,43321099999,43341099999,43335099999,remote,43317099999"
"Coimbatore,India",11/01/2024,84.2,69.8,77.6,84.9,69.8,77.9,65,67.2,0,0,0,,0,0,14.8,11.4,56.8,1015,49.6,2.8,254.4,22,9,10,2024-01-11T06:44:04,2024-01-11T18:15:38,0,Partially cloudy,Partly cloudy throughout the day.,partly-cloudy-day,"VOCB,43318099999,43321099999,43341099999,43335099999,43317099999"
"Coimbatore,India",12/01/2024,84.2,68,76.2,85,68,76.5,64.4,69,0,0,0,,0,0,14.1,12.8,57.8,1015.2,35.9,3.3,182.7,15.6,9,10,2024-01-12T06:44:20,2024-01-12T18:16:10,0.03,Partially cloudy,Partly cloudy throughout the day.,partly-cloudy-day,"VOCB,43318099999,43321099999,43341099999,43335099999,remote,43317099999"
"Coimbatore,India",13/01/2024,84.7,66.2,75.8,85.3,66.2,76.1,64.1,69.4,0,0,0,rain,0,0,10.5,15,54.5,1015.7,37.9,2.6,226.6,19.6,9,10,2024-01-13T06:44:34,2024-01-13T18:16:41,0.06,Partially cloudy,Partly cloudy throughout the day.,partly-cloudy-day,"VOCB,43318099999,43321099999,43341099999,43335099999,43317099999"
"Coimbatore,India",14/01/2024,87.8,69.8,78.2,88,69.8,78.6,65.8,68.3,0,0,0,,0,0,12.3,9.2,68.5,1014.7,39.4,2.3,260.3,22.3,9,10,2024-01-14T06:44:48,2024-01-14T18:17:13,0.1,Partially cloudy,Partly cloudy throughout the day.,partly-cloudy-day,"VOCB,43318099999,43321099999,43341099999,43335099999,43317099999"
"Coimbatore,India",15/01/2024,86.3,69.8,77.8,89.6,69.8,78.2,64.1,64.5,0,0,0,,0,0,9.4,9.2,72.4,1014.5,31.9,2.5,268,23.1,9,10,2024-01-15T06:45:01,2024-01-15T18:17:44,0.13,Partially cloudy,Partly cloudy throughout the day.,partly-cloudy-day,"VOCB,43318099999,43321099999,43341099999,43335099999,43317099999"
"Coimbatore,India",16/01/2024,86,69.8,76.9,86.7,69.8,77.4,65.4,68.8,0,0,0,,0,0,8.5,5.8,64.1,1013.4,40.9,2.5,264.1,22.7,9,10,2024-01-16T06:45:12,2024-01-16T18:18:15,0.17,Partially cloudy,Partly cloudy throughout the day.,partly-cloudy-day,"VOCB,43318099999,43321099999,43341099999,43335099999,43317099999"
"Coimbatore,India",17/01/2024,87.8,69.8,77.1,88.5,69.8,77.4,63.3,64.4,0,0,0,,0,0,8.3,9.2,49.2,1012.7,29.2,2.5,268.8,23.2,9,10,2024-01-17T06:45:23,2024-01-17T18:18:46,0.2,Partially cloudy,Partly cloudy throughout the day.,partly-cloudy-day,"VOCB,43318099999,43321099999,43341099999,43335099999,43317099999"
"Coimbatore,India",18/01/2024,87.8,68,77.1,86.6,68,77.2,63.1,64.6,0,0,0,,0,0,7.8,6.9,43.9,1013.3,21,2.7,268.9,23.2,9,10,2024-01-18T06:45:33,2024-01-18T18:19:16,0.25,Partially cloudy,Partly cloudy throughout the day.,partly-cloudy-day,"VOCB,43318099999,43321099999,43341099999,43335099999,43317099999"
"Coimbatore,India",19/01/2024,87.8,71.6,79.5,89.3,71.6,80.4,67,67.2,0,0,0,,0,0,14.8,10.3,63.9,1013.5,39.6,3.5,263.9,22.6,9,10,2024-01-19T06:45:41,2024-01-19T18:19:46,0.27,Partially cloudy,Partly cloudy throughout the day.,partly-cloudy-day,"VOCB,43318099999,43321099999,43341099999,43335099999,remote,43317099999"
"Coimbatore,India",20/01/2024,86.1,72.4,78.7,86.2,72.4,79.1,66.4,68.3,0,0,0,rain,0,0,13.4,8.1,70.5,1014.8,52.7,3.5,192.3,16.6,8,10,2024-01-20T06:45:49,2024-01-20T18:20:15,0.31,Partially cloudy,Partly cloudy throughout the day.,partly-cloudy-day,"VOCB,43318099999,43321099999,43341099999,43335099999,remote,43317099999"
"Coimbatore,India",21/01/2024,89.6,69.8,79.4,90.3,69.8,79.9,64.6,62.7,0,0,0,,0,0,11.4,11.4,53.8,1014.7,29.6,2.5,180.9,15.5,7,10,2024-01-21T06:45:55,2024-01-21T18:20:44,0.34,Partially cloudy,Partly cloudy throughout the day.,partly-cloudy-day,"VOCB,43318099999,43321099999,43341099999,43335099999,43317099999"
"Coimbatore,India",22/01/2024,87.8,69.8,79.2,88.5,69.8,79.3,63.4,60.9,0,0,0,,0,0,9.8,9.2,49.6,1015.6,29.3,3.4,267,23.1,9,10,2024-01-22T06:46:01,2024-01-22T18:21:13,0.38,Partially cloudy,Partly cloudy throughout the day.,partly-cloudy-day,"VOCB,43318099999,43321099999,43341099999,43335099999,remote,43317099999"
"Coimbatore,India",23/01/2024,87.8,69.4,78.2,88.5,69.4,78.5,64.3,64.8,0,0,0,,0,0,9.8,11.4,56.9,1015.5,27.3,2.9,270.3,23.5,9,10,2024-01-23T06:46:06,2024-01-23T18:21:41,0.41,Partially cloudy,Partly cloudy throughout the day.,partly-cloudy-day,"VOCB,43318099999,43321099999,43341099999,43335099999,43317099999"
"Coimbatore,India",24/01/2024,87.9,71.6,79.1,87.8,71.6,79.3,64,62.1,0,0,0,,0,0,7.6,8.1,39.2,1014.9,45,3.1,271.3,23.5,9,10,2024-01-24T06:46:09,2024-01-24T18:22:08,0.45,Partially cloudy,Clearing in the afternoon.,partly-cloudy-day,"VOCB,43318099999,43321099999,43341099999,43335099999,43317099999"
"Coimbatore,India",25/01/2024,87.8,71.6,78.5,87.1,71.6,78.5,62.8,61,0,0,0,,0,0,11.4,8.1,51.1,1015.7,32.4,2.9,270,23.3,9,10,2024-01-25T06:46:11,2024-01-25T18:22:35,0.5,Partially cloudy,Partly cloudy throughout the day.,partly-cloudy-day,"VOCB,43318099999,43321099999,43341099999,43335099999,43317099999"
"Coimbatore,India",26/01/2024,87.8,71.2,78.6,85.4,71.2,78.2,60.6,57.3,0,0,0,,0,0,12.5,9.2,65,1017.1,38.2,2.9,276.3,23.8,9,10,2024-01-26T06:46:13,2024-01-26T18:23:02,0.52,Partially cloudy,Partly cloudy throughout the day.,partly-cloudy-day,"VOCB,43318099999,43321099999,43341099999,43335099999,43317099999"
"Coimbatore,India",27/01/2024,86,69.8,77.4,85.5,69.8,77.7,63.6,64.4,0,0,0,rain,0,0,11.4,10.8,60.2,1017.4,50.2,2.9,275.3,23.7,9,10,2024-01-27T06:46:13,2024-01-27T18:23:28,0.55,Partially cloudy,Partly cloudy throughout the day.,partly-cloudy-day,"VOCB,43318099999,43321099999,43341099999,43335099999,43317099999"
"Coimbatore,India",28/01/2024,86,71.6,77.9,85.5,71.6,77.9,63.3,63.6,0,0,0,rain,0,0,11.9,11.4,68.5,1017,50.8,2.8,275.5,23.8,9,10,2024-01-28T06:46:12,2024-01-28T18:23:53,0.58,Partially cloudy,Partly cloudy throughout the day.,partly-cloudy-day,"VOCB,43318099999,43321099999,43341099999,43335099999,43317099999"
"Coimbatore,India",29/01/2024,87.8,71.6,78.3,87.1,71.6,78.5,63.8,63.2,0,0,0,rain,0,0,10.1,8.1,69.2,1016.3,46.7,2.6,269.2,23.2,9,10,2024-01-29T06:46:10,2024-01-29T18:24:18,0.62,Partially cloudy,Partly cloudy throughout the day.,partly-cloudy-day,"VOCB,43318099999,43321099999,43341099999,43335099999,43317099999"
"Coimbatore,India",30/01/2024,91.4,65,78,90.7,65,78.1,62.3,61.5,0,0,0,,0,0,8.1,9.2,55.7,1015.3,30.4,4.4,276.3,23.9,9,10,2024-01-30T06:46:07,2024-01-30T18:24:42,0.65,Partially cloudy,Partly cloudy throughout the day.,partly-cloudy-day,"VOCB,43318099999,43321099999,43341099999,43335099999,remote,43317099999"
"Coimbatore,India",31/01/2024,91.4,71.6,80.1,94.3,71.6,81.2,66.8,66,0,0,0,,0,0,12.5,6.9,80.3,1015.4,40.1,3.4,274,23.7,9,10,2024-01-31T06:46:03,2024-01-31T18:25:06,0.68,Partially cloudy,Partly cloudy throughout the day.,partly-cloudy-day,"VOCB,43318099999,43321099999,43341099999,43335099999,remote,43317099999"
"Coimbatore,India",01/02/2024,91.4,73,81.4,93.2,73,83.1,68.2,66.7,0,0,0,,0,0,12.1,8.6,218.2,1015.3,45.1,3.5,276.2,23.7,9,10,2024-02-01T06:45:58,2024-02-01T18:25:29,0.71,Partially cloudy,Partly cloudy throughout the day.,partly-cloudy-day,"VOCB,43318099999,43321099999,43341099999,43335099999,remote,43317099999"
"Coimbatore,India",02/02/2024,91.4,71.6,81.1,95.6,71.6,83.3,69,68.7,0,0,0,,0,0,9.8,5.8,61.3,1014.9,48.1,2.9,254.2,22.1,9,10,2024-02-02T06:45:52,2024-02-02T18:25:51,0.75,Partially cloudy,Partly cloudy throughout the day.,partly-cloudy-day,"VOCB,43318099999,43321099999,43341099999,43335099999,43317099999"
"Coimbatore,India",03/02/2024,89.6,74.4,81.5,90.5,74.4,82,66.3,62.7,0,0,0,,0,0,11.4,9.2,52.5,1015.3,46,3,276,23.7,9,10,2024-02-03T06:45:45,2024-02-03T18:26:13,0.75,Partially cloudy,Partly cloudy throughout the day.,partly-cloudy-day,"VOCB,43318099999,43321099999,43341099999,43335099999,43317099999"
"Coimbatore,India",04/02/2024,91.4,71.6,80.4,90.1,71.6,80.3,63.1,58.7,0,0,0,,0,0,12.1,9.2,63.5,1017.3,37.6,2.9,271.2,23.5,9,10,2024-02-04T06:45:37,2024-02-04T18:26:34,0.81,Partially cloudy,Partly cloudy throughout the day.,partly-cloudy-day,"VOCB,43318099999,43321099999,43341099999,43335099999,43317099999"
"Coimbatore,India",05/02/2024,89.6,69.8,79.9,87.8,69.8,79.5,60.4,55.2,0,0,0,,0,0,12.1,9.2,67.6,1017.4,27.9,2.9,286.2,24.7,10,10,2024-02-05T06:45:28,2024-02-05T18:26:54,0.85,Partially cloudy,Partly cloudy throughout the day.,partly-cloudy-day,"VOCB,43318099999,43321099999,43341099999,43335099999,43317099999"
"Coimbatore,India",06/02/2024,89.9,68,79.4,88.3,68,79,60.1,55.6,0,0,0,,0,0,12.8,11.4,64.9,1016.8,16.7,3.4,285.7,24.5,10,10,2024-02-06T06:45:18,2024-02-06T18:27:14,0.88,Clear,Clear conditions throughout the day.,clear-day,"VOCB,43318099999,43321099999,43341099999,43335099999,remote,43317099999"
"Coimbatore,India",07/02/2024,93.3,66.6,80.8,90.5,66.6,80,59.3,53.5,0,0,0,,0,0,15,10.3,61.3,1016.3,20.4,3.9,288.9,24.9,10,10,2024-02-07T06:45:07,2024-02-07T18:27:34,0.91,Partially cloudy,Partly cloudy throughout the day.,partly-cloudy-day,"VOCB,43318099999,43321099999,43341099999,43335099999,remote,43317099999"
"Coimbatore,India",08/02/2024,95,68.4,81.9,91.6,68.4,80.9,57.1,47,0,0,0,,0,0,15.2,11.4,53.9,1015.3,34,4,281,24.1,10,10,2024-02-08T06:44:55,2024-02-08T18:27:52,0.94,Partially cloudy,Clearing in the afternoon.,partly-cloudy-day,"VOCB,43318099999,43321099999,43341099999,43335099999,remote,43317099999"
"Coimbatore,India",09/02/2024,91.4,69.8,81.2,89.1,69.8,80.6,59.4,50.9,0,0,0,,0,0,14.5,13.9,71.5,1015.7,19,3,291.1,25,10,10,2024-02-09T06:44:42,2024-02-09T18:28:10,0.98,Clear,Clear conditions throughout the day.,clear-day,"VOCB,43318099999,43321099999,43341099999,43335099999,43317099999"
"Coimbatore,India",10/02/2024,87.9,71.6,79.7,89.4,71.6,80.3,65.8,65.1,0,0,0,rain,0,0,14.1,11.4,70.6,1017.3,34.3,3.1,266.7,23.1,10,10,2024-02-10T06:44:28,2024-02-10T18:28:28,0,Partially cloudy,Partly cloudy throughout the day.,partly-cloudy-day,"VOCB,43318099999,43321099999,43341099999,43335099999,remote,43317099999"
"Coimbatore,India",11/02/2024,89.6,70.4,79.7,88.9,70.4,79.8,64,61.6,0,0,0,,0,0,16.1,11.4,68.5,1017.4,40.4,4.3,285.9,24.7,10,10,2024-02-11T06:44:13,2024-02-11T18:28:44,0.05,Partially cloudy,Partly cloudy throughout the day.,partly-cloudy-day,"VOCB,43318099999,43321099999,43341099999,43335099999,remote,43317099999"
"Coimbatore,India",12/02/2024,89.6,69.4,78.7,88.3,69.4,78.5,61.9,60.1,0,0,0,,0,0,13.9,10.3,60.3,1017,20.8,3.5,293.8,25.3,10,10,2024-02-12T06:43:57,2024-02-12T18:29:01,0.08,Partially cloudy,Partly cloudy throughout the day.,partly-cloudy-day,"VOCB,43318099999,43321099999,43341099999,43335099999,remote,43317099999"
"Coimbatore,India",13/02/2024,89.6,69.8,80.4,89,69.8,80.8,63.1,58.2,0,0,0,,0,0,16.8,10.3,61.7,1016.2,32.3,3.2,289.8,25,10,10,2024-02-13T06:43:40,2024-02-13T18:29:16,0.11,Partially cloudy,Partly cloudy throughout the day.,partly-cloudy-day,"VOCB,43318099999,43321099999,43341099999,43335099999,43317099999"
"Coimbatore,India",14/02/2024,89.6,73.4,80.9,89.6,73.4,81.3,65.2,61.7,0,0,0,,0,0,21.3,10.3,73.8,1015.6,42,2.7,287.2,24.6,10,10,2024-02-14T06:43:22,2024-02-14T18:29:31,0.15,Partially cloudy,Partly cloudy throughout the day.,partly-cloudy-day,"VOCB,43318099999,43321099999,43341099999,43335099999,43317099999"
"Coimbatore,India",15/02/2024,89.6,69.8,80.2,87.4,69.8,79.9,60.9,55.6,0,0,0,,0,0,13.6,11.4,70.9,1015.5,31.9,2.9,279.2,24,9,10,2024-02-15T06:43:03,2024-02-15T18:29:45,0.18,Partially cloudy,Partly cloudy throughout the day.,partly-cloudy-day,"VOCB,43318099999,43321099999,43341099999,43335099999,43317099999"
"Coimbatore,India",16/02/2024,89.6,69.8,80,89.6,69.8,80.2,63.1,59,0,0,0,,0,0,16.6,11.4,69.5,1015.9,34.6,2.9,291.6,25.1,10,10,2024-02-16T06:42:44,2024-02-16T18:29:59,0.25,Partially cloudy,Partly cloudy throughout the day.,partly-cloudy-day,"VOCB,43318099999,43321099999,43341099999,43335099999,43317099999"
"Coimbatore,India",17/02/2024,91.4,69.8,81.5,90.1,69.8,81.2,61.4,54.5,0,0,0,,0,0,11.4,9.2,62.4,1014.6,23.5,3,289.6,24.8,10,10,2024-02-17T06:42:24,2024-02-17T18:30:12,0.25,Partially cloudy,Partly cloudy throughout the day.,partly-cloudy-day,"VOCB,43318099999,43321099999,43341099999,43335099999,43317099999"
"Coimbatore,India",18/02/2024,91.4,71.6,81.8,92.2,71.6,81.7,62.2,55.1,0,0,0,,0,0,12.3,8.6,71.4,1013.8,22.1,3,293.8,25.5,10,10,2024-02-18T06:42:03,2024-02-18T18:30:24,0.29,Partially cloudy,Partly cloudy throughout the day.,partly-cloudy-day,"VOCB,43318099999,43321099999,43341099999,43335099999,43317099999"
"Coimbatore,India",19/02/2024,91.4,71.6,82,90.1,71.6,81.7,62.6,55.8,0,0,0,,0,0,14.3,11.4,65.5,1014.3,32.2,3.4,295.1,25.6,10,10,2024-02-19T06:41:41,2024-02-19T18:30:36,0.32,Partially cloudy,Clearing in the afternoon.,partly-cloudy-day,"VOCB,43318099999,43321099999,43341099999,43335099999,remote,43317099999"
"Coimbatore,India",20/02/2024,93.2,73.4,82.8,91.9,73.4,83.2,63.8,56.3,0,0,0,,0,0,10.5,11.4,57.7,1014.1,26.9,3,293.8,25.5,10,10,2024-02-20T06:41:18,2024-02-20T18:30:47,0.35,Partially cloudy,Partly cloudy throughout the day.,partly-cloudy-day,"VOCB,43318099999,43321099999,43341099999,43335099999,43317099999"
"Coimbatore,India",21/02/2024,95,73.4,83.5,99.8,73.4,86.4,68.8,63.4,0,0,0,,0,0,16.6,9.2,105.2,1012.9,26.7,3.4,292.5,25.3,10,10,2024-02-21T06:40:54,2024-02-21T18:30:58,0.39,Partially cloudy,Partly cloudy throughout the day.,partly-cloudy-day,"VOCB,43318099999,43321099999,43341099999,43335099999,remote,43317099999"
"Coimbatore,India",22/02/2024,95,75.2,83.6,99.9,75.2,86.3,70.6,67.9,0,0,0,,0,0,16.6,11.4,209.6,1012.8,36.8,3.8,239.7,20.6,10,10,2024-02-22T06:40:30,2024-02-22T18:31:08,0.42,Partially cloudy,Partly cloudy throughout the day.,partly-cloudy-day,"VOCB,43318099999,43321099999,43341099999,43335099999,remote,43317099999"
"Coimbatore,India",23/02/2024,96.8,75.2,84.2,99.8,75.2,86.5,69.7,65.3,0,0,0,,0,0,16.6,11.4,212.6,1012.9,35.3,2.9,290.5,25.2,10,10,2024-02-23T06:40:05,2024-02-23T18:31:18,0.46,Partially cloudy,Partly cloudy throughout the day.,partly-cloudy-day,"VOCB,43318099999,43321099999,43341099999,43335099999,43317099999"
"Coimbatore,India",24/02/2024,95,75.2,83.4,101.4,75.2,87.2,71.8,70.6,0,0,0,,0,0,17.9,9.2,206.4,1012.8,44.7,3,292.5,25.4,10,10,2024-02-24T06:39:39,2024-02-24T18:31:27,0.5,Partially cloudy,Partly cloudy throughout the day.,partly-cloudy-day,"VOCB,43318099999,43321099999,43341099999,43335099999,43317099999"
"Coimbatore,India",25/02/2024,91.4,75.2,83.3,97,75.2,86.2,70.1,66,0,0,0,,0,0,22.6,12.8,69.4,1012.8,41.1,3.1,297.8,25.8,10,10,2024-02-25T06:39:13,2024-02-25T18:31:35,0.53,Partially cloudy,Partly cloudy throughout the day.,partly-cloudy-day,"VOCB,43318099999,43321099999,43341099999,43335099999,43317099999"
"Coimbatore,India",26/02/2024,91.4,73.4,82,97,73.4,84.7,69.6,68,0,0,0,,0,0,22.6,13.4,65.9,1013.6,44.1,3.5,298.8,25.9,10,10,2024-02-26T06:38:46,2024-02-26T18:31:44,0.56,Partially cloudy,Partly cloudy throughout the day.,partly-cloudy-day,"VOCB,43318099999,43321099999,43341099999,43335099999,remote,43317099999"
"Coimbatore,India",27/02/2024,91.4,73.4,82.2,95.6,73.4,84.8,70.1,68.9,0,0,0,,0,0,21,10.3,68.9,1014.2,42.3,2.8,299.4,26,10,10,2024-02-27T06:38:18,2024-02-27T18:31:51,0.59,Partially cloudy,Partly cloudy throughout the day.,partly-cloudy-day,"VOCB,43318099999,43321099999,43341099999,43335099999,43317099999"
"Coimbatore,India",28/02/2024,95,71.6,83.2,98.5,71.6,85.5,68.7,64.4,0,0,0,,0,0,14.3,11.4,74.7,1013.6,29.5,3,305.1,26.3,10,10,2024-02-28T06:37:50,2024-02-28T18:31:58,0.63,Partially cloudy,Partly cloudy throughout the day.,partly-cloudy-day,"VOCB,43318099999,43321099999,43341099999,43335099999,43317099999"
"Coimbatore,India",29/02/2024,93.3,73.4,83.9,99.4,73.4,87.4,70.1,65.1,0,0,0,,0,0,13.2,11.4,76.1,1014,29.1,3.2,304.5,26.4,10,10,2024-02-29T06:37:21,2024-02-29T18:32:05,0.66,Partially cloudy,Partly cloudy throughout the day.,partly-cloudy-day,"VOCB,43318099999,43321099999,43341099999,43335099999,43317099999"
"Coimbatore,India",01/03/2024,93.2,73.4,84.2,98.7,73.4,87.8,70,64.2,0,0,0,,0,0,12.8,13.9,74,1014.8,33.7,3,287.4,24.9,10,10,2024-03-01T06:36:51,2024-03-01T18:32:11,0.69,Partially cloudy,Partly cloudy throughout the day.,partly-cloudy-day,"VOCB,43318099999,43321099999,43341099999,43335099999,43317099999"
"Coimbatore,India",02/03/2024,93.2,73.4,82.6,97.7,73.4,84.9,68.7,64.7,0,0,0,,0,0,12.5,9.2,13.3,1014.8,39.1,2.9,282.8,24.6,9,10,2024-03-02T06:36:21,2024-03-02T18:32:17,0.73,Partially cloudy,Partly cloudy throughout the day.,partly-cloudy-day,"VOCB,43318099999,43321099999,43341099999,43335099999,43317099999"
"Coimbatore,India",03/03/2024,95,73.1,82,101.4,73.1,84.6,68.9,67,0,0,0,,0,0,9.4,11.4,54.5,1013.7,33.6,3,309.8,26.7,10,10,2024-03-03T06:35:50,2024-03-03T18:32:22,0.75,Partially cloudy,Partly cloudy throughout the day.,partly-cloudy-day,"VOCB,43318099999,43321099999,43341099999,43335099999,43317099999"
"Coimbatore,India",04/03/2024,96.8,73.2,84.2,103.6,73.2,87.6,70.6,67.8,0,0,0,,0,0,11.2,9.2,87.6,1013.4,31.1,3.4,312.1,26.8,10,10,2024-03-04T06:35:19,2024-03-04T18:32:27,0.79,Partially cloudy,Partly cloudy throughout the day.,partly-cloudy-day,"VOCB,43318099999,43321099999,43341099999,43335099999,remote,43317099999"
"Coimbatore,India",05/03/2024,96.8,73.4,84,102.9,73.4,88.1,72.3,72.1,0,0,0,,0,0,11.6,8.1,81.5,1012.6,18.6,2.9,310.4,26.8,10,10,2024-03-05T06:34:47,2024-03-05T18:32:31,0.83,Clear,Clear conditions throughout the day.,clear-day,"VOCB,43318099999,43321099999,43341099999,43335099999,43317099999"
"Coimbatore,India",06/03/2024,95.3,75,84.8,96.4,75,86.6,69.7,65.8,0,0,0,,0,0,15,9.2,125.3,1013.7,29.7,2.8,307.1,26.5,10,10,2024-03-06T06:34:15,2024-03-06T18:32:35,0.86,Partially cloudy,Partly cloudy throughout the day.,partly-cloudy-day,"VOCB,43318099999,43321099999,43341099999,43335099999,43317099999"
"Coimbatore,India",07/03/2024,96.8,73.4,85.4,100.6,73.4,88.6,69.7,62.9,0,0,0,,0,0,10.1,8.6,62.1,1012.9,24.3,3.1,297.2,25.5,10,10,2024-03-07T06:33:43,2024-03-07T18:32:39,0.9,Partially cloudy,Partly cloudy throughout the day.,partly-cloudy-day,"VOCB,43318099999,43321099999,43341099999,43335099999,43317099999"
"Coimbatore,India",08/03/2024,98.6,71.6,85.5,104.3,71.6,89.3,70.3,65.1,0,0,0,,0,0,6.7,10.3,109.9,1013.4,26.6,3.1,303.4,26,10,10,2024-03-08T06:33:10,2024-03-08T18:32:43,0.93,Partially cloudy,Partly cloudy throughout the day.,partly-cloudy-day,"VOCB,43318099999,43321099999,43341099999,43335099999,43317099999"
"Coimbatore,India",09/03/2024,96.8,76.6,85.7,102.6,76.6,89,71.1,67,0,0,0,,0,0,14.1,9.2,169.3,1012.9,29,2.7,314.4,27,10,10,2024-03-09T06:32:36,2024-03-09T18:32:46,0.96,Partially cloudy,Partly cloudy throughout the day.,partly-cloudy-day,"VOCB,43318099999,43321099999,43341099999,43335099999,43317099999"
"Coimbatore,India",10/03/2024,95,77,85.2,98.5,77,87.3,68.8,61.9,0,0,0,,0,0,15.2,6.9,85.5,1014.6,38.1,3.9,310.2,26.8,10,10,2024-03-10T06:32:03,2024-03-10T18:32:49,0,Partially cloudy,Partly cloudy throughout the day.,partly-cloudy-day,"VOCB,43318099999,43321099999,43341099999,43335099999,remote,43317099999"
"Coimbatore,India",11/03/2024,96.8,75.2,85.4,99.4,75.2,87,66.1,55.6,0,0,0,,0,0,10.5,10.3,82.6,1016.2,25.7,4,313.7,27,10,10,2024-03-11T06:31:29,2024-03-11T18:32:51,0.03,Partially cloudy,Partly cloudy throughout the day.,partly-cloudy-day,"VOCB,43318099999,43321099999,43341099999,43335099999,remote,43317099999"
"Coimbatore,India",12/03/2024,96.8,75.2,86,102,75.2,89.7,70.5,63,0,0,0,,0,0,10.5,11.4,68.7,1015.7,17.9,3.1,303.2,26.2,10,10,2024-03-12T06:30:54,2024-03-12T18:32:53,0.06,Clear,Clear conditions throughout the day.,clear-day,"VOCB,43318099999,43321099999,43341099999,43335099999,43317099999"
"Coimbatore,India",13/03/2024,100.4,73.4,85.8,101.5,73.4,88.2,68.5,62.1,0,0,0,,0,0,14.8,9.2,152.4,1014.4,24.6,3.4,315.6,27.2,10,10,2024-03-13T06:30:19,2024-03-13T18:32:55,0.1,Partially cloudy,Partly cloudy throughout the day.,partly-cloudy-day,"VOCB,43318099999,43321099999,43341099999,43335099999,remote,43317099999"
"Coimbatore,India",14/03/2024,98.6,77,85.7,104.3,77,90.2,72.6,68.6,0,0,0,,0,0,17.9,13.9,219.2,1013.8,29.7,3.3,311.9,27,10,10,2024-03-14T06:29:44,2024-03-14T18:32:57,0.13,Partially cloudy,Partly cloudy throughout the day.,partly-cloudy-day,"VOCB,43318099999,43321099999,43341099999,43335099999,remote,43317099999"
"Coimbatore,India",15/03/2024,96.8,77,85.3,107.5,77,91.7,75.4,74.8,0,0,0,,0,0,16.3,11.4,199.6,1012.7,44.4,2.6,313.5,27.1,10,10,2024-03-15T06:29:09,2024-03-15T18:32:59,0.16,Partially cloudy,Partly cloudy throughout the day.,partly-cloudy-day,"VOCB,43318099999,43321099999,43341099999,43335099999,43317099999"
"Coimbatore,India",16/03/2024,96.5,77,85.7,105.3,77,90.8,73.3,69.7,0,0,0,,0,0,12.8,7.8,51,1013.3,41.2,3.4,316.3,27.2,10,10,2024-03-16T06:28:34,2024-03-16T18:33:00,0.2,Partially cloudy,Partly cloudy throughout the day.,partly-cloudy-day,"VOCB,43318099999,43321099999,43341099999,43335099999,remote,43317099999"
"Coimbatore,India",17/03/2024,96.8,73.4,84.6,105.4,73.4,89.3,72.4,69.8,0,0,0,,0,0,15.2,9.2,67.3,1013.6,35.1,3.2,318.6,27.5,10,10,2024-03-17T06:27:58,2024-03-17T18:33:01,0.25,Partially cloudy,Partly cloudy throughout the day.,partly-cloudy-day,"VOCB,43318099999,43321099999,43341099999,43335099999,43317099999"
"Coimbatore,India",18/03/2024,96.8,75.2,85,100.6,75.2,87.3,70,65,0,0,0,,0,0,12.5,11.4,55.1,1013.5,32.1,3.2,321,27.7,10,10,2024-03-18T06:27:22,2024-03-18T18:33:02,0.26,Partially cloudy,Partly cloudy throughout the day.,partly-cloudy-day,"VOCB,43318099999,43321099999,43341099999,43335099999,43317099999"
"Coimbatore,India",19/03/2024,96.8,73.4,85.3,99.4,73.4,87.1,67.9,60,0,0,0,,0,0,10.3,10.3,58,1012.9,29.8,3.2,321,27.7,10,10,2024-03-19T06:26:46,2024-03-19T18:33:03,0.3,Partially cloudy,Partly cloudy throughout the day.,partly-cloudy-day,"VOCB,43318099999,43321099999,43341099999,43335099999,43317099999"
"Coimbatore,India",20/03/2024,96.8,73.4,85.1,99.4,73.4,87.1,68.5,61.5,0,0,0,,0,0,9.2,9.2,60.5,1012.4,21.3,3.1,321.3,27.7,10,10,2024-03-20T06:26:10,2024-03-20T18:33:04,0.33,Partially cloudy,Partly cloudy throughout the day.,partly-cloudy-day,"VOCB,43318099999,43321099999,43341099999,43335099999,43317099999"
"Coimbatore,India",21/03/2024,93,75.2,84.2,97.7,75.2,87.5,70.3,65.1,0,0,0,,0,0,18.1,12.8,73.5,1012.8,40.2,3.1,317.5,27.5,10,10,2024-03-21T06:25:34,2024-03-21T18:33:04,0.37,Partially cloudy,Partly cloudy throughout the day.,partly-cloudy-day,"VOCB,43318099999,43321099999,43341099999,43335099999,43317099999"
"Coimbatore,India",22/03/2024,95,77,85.7,101.4,77,90.7,72.2,66,0,0,0,rain,0,0,13.2,9.2,84.1,1011.4,50.9,2.9,293.4,25.3,10,10,2024-03-22T06:24:57,2024-03-22T18:33:05,0.4,Partially cloudy,Partly cloudy throughout the day.,partly-cloudy-day,"VOCB,43318099999,43321099999,43341099999,43335099999,43317099999"
"Coimbatore,India",23/03/2024,96.8,77,86.4,103.2,77,91.1,71.8,64.7,0,0,0,,0,0,14.1,10.3,87.9,1011.4,32.7,3.2,314.1,27.1,10,10,2024-03-23T06:24:21,2024-03-23T18:33:05,0.43,Partially cloudy,Partly cloudy throughout the day.,partly-cloudy-day,"VOCB,43318099999,43321099999,43341099999,43335099999,43317099999"
"Coimbatore,India",24/03/2024,96.8,76.8,85.5,102,76.8,88,69.4,62.8,0,0,0,,0,0,13.6,10.3,56.3,1013.1,39.5,3,314.3,27.2,10,10,2024-03-24T06:23:44,2024-03-24T18:33:05,0.47,Partially cloudy,Partly cloudy throughout the day.,partly-cloudy-day,"VOCB,43318099999,43321099999,43341099999,43335099999,43317099999"
"Coimbatore,India",25/03/2024,96.8,73.4,85,102,73.4,87.7,68.2,59.7,0,0,0,,0,0,14.3,11.4,76.3,1013.1,15.4,3.6,323.9,28,10,10,2024-03-25T06:23:08,2024-03-25T18:33:06,0.5,Clear,Clear conditions throughout the day.,clear-day,"VOCB,43318099999,43321099999,43341099999,43335099999,remote,43317099999"
"Coimbatore,India",26/03/2024,98.6,77,86.8,99.4,77,89,67,54.9,0,0,0,,0,0,15.7,11.4,86,1013.9,18,3.2,324.8,28,10,10,2024-03-26T06:22:31,2024-03-26T18:33:06,0.53,Clear,Clear conditions throughout the day.,clear-day,"VOCB,43318099999,43321099999,43341099999,43335099999,43317099999"
"Coimbatore,India",27/03/2024,96.8,73.3,85,99.8,73.3,86.7,65.4,55.2,0,0,0,,0,0,13.9,11.4,65.4,1015.6,26.4,3.3,331,28.5,10,10,2024-03-27T06:21:55,2024-03-27T18:33:06,0.57,Partially cloudy,Partly cloudy throughout the day.,partly-cloudy-day,"VOCB,43318099999,43321099999,43341099999,43335099999,43317099999"
"Coimbatore,India",28/03/2024,96.7,78.7,87,105.2,78.7,91.7,70.2,59.1,0,0,0,,0,0,11,10.3,74.6,1014.1,37.5,3.7,318.1,27.5,10,10,2024-03-28T06:21:19,2024-03-28T18:33:06,0.6,Partially cloudy,Partly cloudy throughout the day.,partly-cloudy-day,"VOCB,remote"
"Coimbatore,India",29/03/2024,98.5,75.5,86.9,103.4,75.5,91.1,69.6,60.1,0,0,0,,0,0,13.2,11.6,79.7,1013.3,35.3,4.7,322.1,27.8,10,10,2024-03-29T06:20:42,2024-03-29T18:33:07,0.64,Partially cloudy,Partly cloudy throughout the day.,partly-cloudy-day,"VOCB,remote"
"Coimbatore,India",30/03/2024,98.5,76.9,87.2,95.9,76.9,87.9,64.7,55.3,0,0,0,,0,0,13,10.3,112.7,1014,23.3,3.7,324.3,28,10,10,2024-03-30T06:20:06,2024-03-30T18:33:07,0.67,Partially cloudy,Partly cloudy throughout the day.,partly-cloudy-day,"VOCB,remote"
"Coimbatore,India",31/03/2024,98.5,76.9,86.8,99.3,76.9,88.3,66.3,55.7,0,0,0,,0,0,13.9,7.6,288.6,1014.7,24,3.7,327.3,28.1,10,10,2024-03-31T06:19:30,2024-03-31T18:33:07,0.71,Partially cloudy,Partly cloudy throughout the day.,partly-cloudy-day,"VOCB,remote"
"Coimbatore,India",01/04/2024,100.3,76.9,87.7,100.4,76.9,90.1,67.7,56.3,0,0,0,,0,0,17.2,11.4,172.6,1012.3,24.5,4.3,324.1,28,10,10,2024-04-01T06:18:54,2024-04-01T18:33:08,0.74,Partially cloudy,Partly cloudy throughout the day.,partly-cloudy-day,"VOCB,43321099999,remote"
"Coimbatore,India",02/04/2024,100.3,78.8,88.5,103.4,78.8,92.4,68.7,57.2,0,0,0,,0,0,18.1,13.9,212.5,1010.6,30.5,3.3,321.3,27.6,10,30,2024-04-02T06:18:18,2024-04-02T18:33:08,0.75,Partially cloudy,Partly cloudy throughout the day.,partly-cloudy-day,"VOCB,43318099999,43321099999,43341099999,43335099999,43317099999"
"Coimbatore,India",03/04/2024,100.4,80.6,89,101.5,86.2,93.5,69.1,57,0.004,100,4.17,rain,0,0,16.8,11.4,209.3,1010.9,40.4,3,321.2,27.8,10,30,2024-04-03T06:17:42,2024-04-03T18:33:09,0.81,"Rain, Partially cloudy",Partly cloudy throughout the day with early morning rain.,rain,"VOCB,43318099999,43321099999,43341099999,43335099999,43317099999"
"Coimbatore,India",04/04/2024,102.2,80.2,89,103.6,85.6,94,70.1,59.6,0,0,0,,0,0,16.1,11.4,185.7,1011.2,39,3.1,313,26.8,10,10,2024-04-04T06:17:07,2024-04-04T18:33:10,0.84,Partially cloudy,Partly cloudy throughout the day.,partly-cloudy-day,"VOCB,43318099999,43321099999,43341099999,43335099999,43317099999"
"Coimbatore,India",05/04/2024,102.2,76.4,88.8,100.6,76.4,92.1,67.9,57,0,0,0,,0,0,15,10.3,192.8,1010.6,30.5,3.6,316.3,27.4,10,10,2024-04-05T06:16:32,2024-04-05T18:33:11,0.88,Partially cloudy,Partly cloudy throughout the day.,partly-cloudy-day,"VOCB,43318099999,43321099999,43341099999,43335099999,remote,43317099999"
"Coimbatore,India",06/04/2024,102.2,76.4,89.4,102.6,76.4,92.2,67.5,54.3,0,0,0,,0,0,13.9,13.9,124.1,1009.8,31.8,3.6,316.7,27.3,10,10,2024-04-06T06:15:57,2024-04-06T18:33:12,0.91,Partially cloudy,Partly cloudy throughout the day.,partly-cloudy-day,"VOCB,43318099999,43321099999,43341099999,43335099999,remote,43317099999"
"Coimbatore,India",07/04/2024,102.2,78.8,89.5,101.1,78.8,93.2,67.3,54.3,0,0,0,,0,0,17.2,10.3,189,1009.6,32.1,2.9,329.1,28.4,10,10,2024-04-07T06:15:22,2024-04-07T18:33:13,0.95,Partially cloudy,Partly cloudy throughout the day.,partly-cloudy-day,"VOCB,43318099999,43321099999,43341099999,43335099999,43317099999"
"Coimbatore,India",08/04/2024,102.2,78.8,89.1,100.4,78.8,92.4,67.7,56.2,0,0,0,,0,0,15.7,10.3,163.9,1010.1,31.6,3.8,318.3,27.5,10,10,2024-04-08T06:14:48,2024-04-08T18:33:14,0,Partially cloudy,Becoming cloudy in the afternoon.,partly-cloudy-day,"VOCB,43318099999,43321099999,43341099999,43335099999,remote,43317099999"
"Coimbatore,India",09/04/2024,98.6,78.8,87.9,99.4,78.8,90.1,65.7,52.9,0,0,0,rain,0,0,15.9,11.4,68.7,1011,35.7,4.5,310.3,26.7,10,10,2024-04-09T06:14:13,2024-04-09T18:33:16,0.02,Partially cloudy,Partly cloudy throughout the day.,partly-cloudy-day,"VOCB,43318099999,43321099999,43341099999,43335099999,remote,43317099999"
"Coimbatore,India",10/04/2024,97.4,77,87.6,96.2,77,88.6,63.6,48.3,0,0,0,,0,0,13.4,11.4,85.9,1011.6,33.1,4,327.5,28.3,10,10,2024-04-10T06:13:40,2024-04-10T18:33:18,0.05,Partially cloudy,Partly cloudy throughout the day.,partly-cloudy-day,"VOCB,43318099999,43321099999,43341099999,43335099999,remote,43317099999"
"Coimbatore,India",11/04/2024,96.9,78.8,88.6,96,78.8,89.8,64.1,47,0,0,0,,0,0,16.3,12.8,85.3,1011.7,34.1,3.2,321.8,27.9,10,10,2024-04-11T06:13:06,2024-04-11T18:33:19,0.08,Partially cloudy,Partly cloudy throughout the day.,partly-cloudy-day,"VOCB,43318099999,43321099999,43341099999,43335099999,43317099999"
"Coimbatore,India",12/04/2024,96.8,80.6,87.5,101.4,84.7,92.1,69.7,57.7,0,0,0,rain,0,0,23,13.4,79.6,1011.8,64.3,3.6,245.7,21.4,9,10,2024-04-12T06:12:33,2024-04-12T18:33:22,0.12,Partially cloudy,Partly cloudy throughout the day.,partly-cloudy-day,"VOCB,43318099999,43321099999,43341099999,43335099999,remote,43317099999"
"Coimbatore,India",13/04/2024,96.8,78.8,87.5,97.4,78.8,90.6,68,55.9,0,0,0,,0,0,23.5,12.1,69.2,1012.1,57.1,3.2,317.8,27.5,10,10,2024-04-13T06:12:00,2024-04-13T18:33:24,0.15,Partially cloudy,Partly cloudy throughout the day.,partly-cloudy-day,"VOCB,43318099999,43321099999,43341099999,43335099999,43317099999"
"Coimbatore,India",14/04/2024,98.6,78.8,88.6,97,78.8,89.8,64.1,48,0,0,0,rain,0,0,21.7,11.4,77.3,1012.2,39,3.6,302.8,26.1,10,10,2024-04-14T06:11:28,2024-04-14T18:33:27,0.18,Partially cloudy,Partly cloudy throughout the day.,partly-cloudy-day,"VOCB,43318099999,43321099999,43341099999,43335099999,remote,43317099999"
"Coimbatore,India",15/04/2024,96.8,77,87.6,96.5,77,89,64.8,49.4,0,0,0,,0,0,19.7,13.9,77.8,1012.6,35.6,3.7,311.8,27,10,10,2024-04-15T06:10:56,2024-04-15T18:33:30,0.21,Partially cloudy,Partly cloudy throughout the day.,partly-cloudy-day,"VOCB,43318099999,43321099999,43341099999,43335099999,remote,43317099999"
"Coimbatore,India",16/04/2024,98.6,77.3,88.1,101.5,77.3,91.6,68.2,55.8,0,0,0,rain,0,0,18.3,8.1,81.9,1012.5,41.4,4.3,326.9,28.1,10,30,2024-04-16T06:10:25,2024-04-16T18:33:33,0.25,Partially cloudy,Partly cloudy throughout the day.,partly-cloudy-day,"VOCB,43321099999,remote"
"Coimbatore,India",17/04/2024,100.4,78.8,89,102.9,78.8,94,69.8,57.5,0,0,0,,0,0,19.7,13.9,225.8,1011.7,30.4,3.4,310.8,26.8,10,30,2024-04-17T06:09:54,2024-04-17T18:33:36,0.28,Partially cloudy,Partly cloudy throughout the day.,partly-cloudy-day,"VOCB,43321099999"
"Coimbatore,India",18/04/2024,98.6,78.8,87.5,104.3,78.8,93.2,72.2,63.8,0,0,0,,0,0,23,16.1,218.9,1010.5,28.9,3.6,316.6,27.4,10,30,2024-04-18T06:09:23,2024-04-18T18:33:40,0.31,Partially cloudy,Partly cloudy throughout the day.,partly-cloudy-day,"VOCB,43321099999,remote"
"Coimbatore,India",19/04/2024,100.5,78.8,88.2,107.7,78.8,94.5,72.5,63.4,0,0,0,,0,0,20.4,16.1,217.3,1008.6,34.2,2.9,287.4,24.7,10,60,2024-04-19T06:08:53,2024-04-19T18:33:44,0.34,Partially cloudy,Partly cloudy throughout the day.,partly-cloudy-day,"VOCB,43318099999,43321099999,43341099999,43335099999,43317099999"
"Coimbatore,India",20/04/2024,98.6,80.6,87.8,105.4,86.9,95.1,73.5,65,0,0,0,,0,0,20.4,17.2,218.7,1008.5,55.7,2.9,286.1,24.8,10,30,2024-04-20T06:08:24,2024-04-20T18:33:49,0.38,Partially cloudy,Becoming cloudy in the afternoon.,partly-cloudy-day,"VOCB,43318099999,43321099999,43341099999,43335099999,43317099999"
"Coimbatore,India",21/04/2024,100.4,78.8,88.8,102.5,78.8,93.1,69.4,58.2,0,0,0,,0,0,19.5,12.6,182.5,1009,43.2,3,311.1,26.9,10,30,2024-04-21T06:07:55,2024-04-21T18:33:53,0.41,Partially cloudy,Partly cloudy throughout the day.,partly-cloudy-day,"VOCB,43318099999,43321099999,43341099999,43335099999,43317099999"
"Coimbatore,India",22/04/2024,102.2,78.8,89.4,105,78.8,94.6,70.2,58,0,0,0,,0,0,18.8,13.9,208.5,1009.7,35.4,3,324.5,27.9,10,30,2024-04-22T06:07:27,2024-04-22T18:33:58,0.44,Partially cloudy,Partly cloudy throughout the day.,partly-cloudy-day,"VOCB,43318099999,43321099999,43341099999,43335099999,43317099999"
"Coimbatore,India",23/04/2024,100.4,80.6,89.4,102.7,87.1,95,70.2,59.4,0,0,0,,0,0,17.7,9.2,159.1,1008.7,41.5,2.9,322.5,27.9,10,30,2024-04-23T06:06:59,2024-04-23T18:34:04,0.48,Partially cloudy,Partly cloudy throughout the day.,partly-cloudy-day,"VOCB,43318099999,43321099999,43341099999,43335099999,43317099999"
"Coimbatore,India",24/04/2024,100.4,78.8,89,100.6,78.8,92.6,67.9,55,0,0,0,,0,0,14.1,10.3,139.6,1008.8,39.1,3.7,316,27.3,10,30,2024-04-24T06:06:32,2024-04-24T18:34:09,0.5,Partially cloudy,Partly cloudy throughout the day.,partly-cloudy-day,"VOCB,43318099999,43321099999,43341099999,43335099999,remote,43317099999"
"Coimbatore,India",25/04/2024,102.2,78.8,89.5,101.1,78.8,93,68,56.3,0,0,0,,0,0,17.9,11.4,147.6,1008.9,29.7,3.1,311.7,26.9,10,10,2024-04-25T06:06:05,2024-04-25T18:34:15,0.55,Partially cloudy,Partly cloudy throughout the day.,partly-cloudy-day,"VOCB,43318099999,43321099999,43341099999,43335099999,43317099999"
"Coimbatore,India",26/04/2024,102.2,80.6,90.1,101.4,86.2,94.7,68.5,55.4,0,0,0,,0,0,16.3,9.2,159.5,1008.7,33.5,3.1,320.2,27.7,10,30,2024-04-26T06:05:39,2024-04-26T18:34:22,0.58,Partially cloudy,Partly cloudy throughout the day.,partly-cloudy-day,"VOCB,43318099999,43321099999,43341099999,43335099999,43317099999"
"Coimbatore,India",27/04/2024,102.2,78.8,89.4,105,78.8,93.5,68.1,56.4,0,0,0,,0,0,17.7,10.3,129.1,1008.7,37.7,4,326.1,28.2,10,10,2024-04-27T06:05:14,2024-04-27T18:34:29,0.62,Partially cloudy,Clearing in the afternoon.,partly-cloudy-day,"VOCB,43318099999,43321099999,43341099999,43335099999,remote,43317099999"
"Coimbatore,India",28/04/2024,102.2,80.2,90.3,102.6,85.3,93.7,67,52.1,0,0,0,,0,0,15,6.9,100.6,1009.4,28.3,3.2,324.8,27.9,10,10,2024-04-28T06:04:49,2024-04-28T18:34:36,0.65,Partially cloudy,Partly cloudy throughout the day.,partly-cloudy-day,"VOCB,43318099999,43321099999,43341099999,43335099999,43317099999"
"Coimbatore,India",29/04/2024,102.2,80.6,90.8,101.5,84.6,95,67.2,51.5,0,0,0,,0,0,14.5,9.2,96.8,1010.1,35.3,3.6,316.4,27.4,10,30,2024-04-29T06:04:25,2024-04-29T18:34:43,0.69,Partially cloudy,Partly cloudy throughout the day.,partly-cloudy-day,"VOCB,43318099999,43321099999,43341099999,43335099999,remote,43317099999"
"Coimbatore,India",30/04/2024,102.2,80.6,89.6,104.7,84.5,96.1,71.1,58.1,0,0,0,,0,0,18.1,16.1,221.5,1009.4,33,3.2,316.3,27.3,10,30,2024-04-30T06:04:02,2024-04-30T18:34:51,0.72,Partially cloudy,Partly cloudy throughout the day.,partly-cloudy-day,"VOCB,43318099999,43321099999,43341099999,43335099999,43317099999"
"Coimbatore,India",01/05/2024,103.6,80.5,89.1,108.5,85.9,96,72.3,61.3,0,0,0,,0,0,20.8,16.1,223.6,1007.8,32.9,4.6,310.3,26.8,10,60,2024-05-01T06:03:39,2024-05-01T18:34:59,0.75,Partially cloudy,Clearing in the afternoon.,partly-cloudy-day,"VOCB,43321099999,remote"
"Coimbatore,India",02/05/2024,102.2,80.6,90.3,110.5,86.9,98.2,73.1,60.5,0,0,0,,0,0,22.1,12.8,220,1007.5,30.3,3.5,322.1,28,10,60,2024-05-02T06:03:17,2024-05-02T18:35:08,0.79,Partially cloudy,Partly cloudy throughout the day.,partly-cloudy-day,"VOCB,43318099999,43321099999,43341099999,43335099999,remote,43317099999"
"Coimbatore,India",03/05/2024,103,83.8,90.4,109.8,90.1,98.4,72.6,58,0,0,0,,0,0,21.7,13.9,221.7,1008.2,43.8,4,249.4,21.5,9,60,2024-05-03T06:02:56,2024-05-03T18:35:17,0.83,Partially cloudy,Partly cloudy throughout the day.,partly-cloudy-day,"VOCB,43318099999,43321099999,43341099999,43335099999,remote,43317099999"
"Coimbatore,India",04/05/2024,103.6,82,88.7,108.6,88.4,95.6,72,60,0,0,0,rain,0,0,22.1,15,228.3,1009,50.8,4.1,287.8,24.8,10,30,2024-05-04T06:02:35,2024-05-04T18:35:26,0.86,Partially cloudy,Partly cloudy throughout the day.,partly-cloudy-day,"VOCB,43318099999,43321099999,43341099999,43335099999,remote,43317099999"
"Coimbatore,India",05/05/2024,101.4,80.6,89.4,108.2,86.2,95.2,70.9,57.5,0,0,0,,0,0,18.8,15,220.6,1007.8,37,4.2,303.3,26.2,10,30,2024-05-05T06:02:15,2024-05-05T18:35:36,0.9,Partially cloudy,Partly cloudy throughout the day.,partly-cloudy-day,"VOCB,43318099999,43321099999,43341099999,43335099999,remote,43317099999"
"Coimbatore,India",06/05/2024,100.4,80.4,89,103.7,83.7,91.9,66.8,50.5,0,0,0,,0,0,20.1,16.1,222.7,1008.6,25.5,3.4,319.5,27.7,10,10,2024-05-06T06:01:56,2024-05-06T18:35:46,0.93,Partially cloudy,Partly cloudy throughout the day.,partly-cloudy-day,"VOCB,43318099999,43321099999,43341099999,43335099999,43317099999"
"Coimbatore,India",07/05/2024,100.4,77,87.9,103.7,77,91.3,67.9,54.5,0,0,0,,0,0,23,11.4,216.9,1010,43.4,3.6,317.1,27.4,10,10,2024-05-07T06:01:38,2024-05-07T18:35:57,0.97,Partially cloudy,Partly cloudy throughout the day.,partly-cloudy-day,"VOCB,43318099999,43321099999,43341099999,43335099999,remote,43317099999"
"Coimbatore,India",08/05/2024,98.6,80.6,88.5,104.3,85.9,94.6,71.7,60.9,0.035,100,4.17,rain,0,0,21.5,15,183.9,1009.9,40.3,3.2,204.7,17.5,9,30,2024-05-08T06:01:21,2024-05-08T18:36:07,0,"Rain, Partially cloudy",Partly cloudy throughout the day with late afternoon rain.,rain,"VOCB,43318099999,43321099999,43341099999,43335099999,43317099999"
"Coimbatore,India",09/05/2024,98.6,80.4,86.8,103.6,82.7,91.9,70.3,60.2,0.039,100,4.17,rain,0,0,14.8,12.8,300.1,1009.1,71.7,3.4,304.5,26.1,10,30,2024-05-09T06:01:04,2024-05-09T18:36:19,0.04,"Rain, Partially cloudy",Partly cloudy throughout the day with late afternoon rain.,rain,"VOCB,43318099999,43321099999,43341099999,43335099999,remote,43317099999"
"Coimbatore,India",10/05/2024,96.8,75.8,85.1,100.9,75.8,90.1,72.5,68,0.201,100,12.5,rain,0,0,12.3,11.4,218.4,1010.2,82.1,4.3,249.5,21.5,9,30,2024-05-10T06:00:48,2024-05-10T18:36:30,0.07,"Rain, Partially cloudy",Partly cloudy throughout the day with early morning rain.,rain,"VOCB,43321099999,43341099999,43335099999,remote"
"Coimbatore,India",11/05/2024,96.8,75.2,85.3,103.6,75.2,89.2,71.5,66.8,0.866,100,4.17,rain,0,0,12.5,16.1,120.4,1011,70.6,3.1,302,26.2,10,30,2024-05-11T06:00:33,2024-05-11T18:36:42,0.1,"Rain, Partially cloudy",Partly cloudy throughout the day with late afternoon rain.,rain,"VOCB,43318099999,43321099999,43341099999,43335099999,remote,43317099999"
"Coimbatore,India",12/05/2024,96.8,75.2,84.3,101.4,75.2,88.2,73.1,72.3,0.63,100,4.17,rain,0,0,12.3,13.9,203.2,1011,54.9,3.4,307.3,26.5,10,30,2024-05-12T06:00:18,2024-05-12T18:36:54,0.13,"Rain, Partially cloudy",Partly cloudy throughout the day with late afternoon rain.,rain,"VOCB,43318099999,43321099999,43341099999,43335099999,remote,43317099999"
"Coimbatore,India",13/05/2024,91.4,75.2,81.8,98.7,75.2,85.5,72.8,75.4,0.016,100,4.17,rain,0,0,8.3,12.8,68.1,1010.5,72.8,3.1,233,20.1,9,30,2024-05-13T06:00:05,2024-05-13T18:37:07,0.17,"Rain, Partially cloudy",Partly cloudy throughout the day with afternoon rain.,rain,"VOCB,43318099999,43321099999,43341099999,43335099999,43317099999"
"Coimbatore,India",14/05/2024,93.2,76.6,82.6,100.9,76.6,85.4,72.5,73.6,0.827,100,4.17,rain,0,0,11.9,14,336.4,1010.8,80.7,2.9,248,21.4,9,30,2024-05-14T05:59:52,2024-05-14T18:37:20,0.2,"Rain, Partially cloudy",Partly cloudy throughout the day with late afternoon rain.,rain,"VOCB,43318099999,43321099999,43341099999,43335099999,43317099999"
"Coimbatore,India",15/05/2024,95,75.5,82,101.4,75.5,84.3,71.7,73.7,0.158,100,8.33,rain,0,0,14.5,12.9,321.1,1010.7,79.1,3.9,246.5,21.4,9,10,2024-05-15T05:59:40,2024-05-15T18:37:33,0.25,"Rain, Partially cloudy",Partly cloudy throughout the day with late afternoon rain.,rain,"VOCB,43318099999,43321099999,43341099999,43335099999,remote,43317099999"
"Coimbatore,India",16/05/2024,91.4,77,82.5,97,77,86,72.8,74.3,0,0,0,rain,0,0,8.3,6.9,179.1,1011,77.9,3.1,87.5,7.5,4,30,2024-05-16T05:59:29,2024-05-16T18:37:47,0.26,Partially cloudy,Partly cloudy throughout the day.,partly-cloudy-day,"VOCB,43318099999,43321099999,43341099999,43335099999,43317099999"
"Coimbatore,India",17/05/2024,91.7,75.5,80.9,98.7,75.5,83.5,73.8,80.5,1.614,100,12.5,rain,0,0,9.6,11.4,247.7,1010,77.5,3,153.6,13.2,8,30,2024-05-17T05:59:18,2024-05-17T18:38:01,0.3,"Rain, Partially cloudy",Partly cloudy throughout the day with rain.,rain,"VOCB,43318099999,43321099999,43341099999,43335099999,remote,43317099999"
"Coimbatore,India",18/05/2024,91.4,75.2,80.4,100.5,75.2,82.5,73.6,82.2,1.22,100,4.17,rain,0,0,15.2,9.2,217.1,1008.4,72.3,2.5,270.8,23.4,9,30,2024-05-18T05:59:09,2024-05-18T18:38:15,0.33,"Rain, Partially cloudy",Partly cloudy throughout the day with afternoon rain.,rain,"VOCB,43318099999,43321099999,43341099999,43335099999,43317099999"
"Coimbatore,India",19/05/2024,89.7,76.7,80.5,99.9,76.7,83.6,74.5,82.7,0.008,100,4.17,rain,0,0,23,11.4,218.8,1006.8,69.6,3.8,215.7,18.6,8,10,2024-05-19T05:59:00,2024-05-19T18:38:29,0.36,"Rain, Partially cloudy",Partly cloudy throughout the day with late afternoon rain.,rain,"VOCB,43318099999,43321099999,43341099999,43335099999,remote,43317099999"
"Coimbatore,India",20/05/2024,86,75.5,79.7,93.5,75.5,82,73.4,81.9,0.028,100,4.17,rain,0,0,26.4,16.1,219.6,1007,76.9,2.9,38.4,3.3,1,10,2024-05-20T05:58:52,2024-05-20T18:38:44,0.39,"Rain, Partially cloudy",Partly cloudy throughout the day with late afternoon rain.,rain,"VOCB,43318099999,43321099999,43341099999,43335099999,43317099999"
"Coimbatore,India",21/05/2024,89.6,75.2,79,96.4,75.2,80.7,73.8,85.7,1.613,100,12.5,rain,0,0,12.5,12.8,248.3,1006.3,77.9,2.6,73,6.4,6,10,2024-05-21T05:58:45,2024-05-21T18:38:59,0.43,"Rain, Partially cloudy",Partly cloudy throughout the day with rain.,rain,"VOCB,43318099999,43321099999,43341099999,43335099999,43317099999"
"Coimbatore,India",22/05/2024,93.2,73.7,81.2,100.9,73.7,84.5,74.5,82.3,1.142,100,8.33,rain,0,0,19.7,13,267.2,1005.2,74.3,2.9,153.6,13.2,9,30,2024-05-22T05:58:39,2024-05-22T18:39:14,0.46,"Rain, Partially cloudy",Partly cloudy throughout the day with late afternoon rain.,rain,"VOCB,43318099999,43321099999,43341099999,43335099999,remote,43317099999"
"Coimbatore,India",23/05/2024,87.8,75.2,80.1,97.8,75.2,84,74.8,85,0.165,100,8.33,rain,0,0,9.8,9.7,227.2,1004.8,87.1,2.8,55,4.8,4,10,2024-05-23T05:58:33,2024-05-23T18:39:30,0.5,"Rain, Partially cloudy",Partly cloudy throughout the day with rain.,rain,"VOCB,43318099999,43321099999,43341099999,43335099999,43317099999"
"Coimbatore,India",24/05/2024,82.4,75.2,78.2,89.5,75.2,79.4,74.8,89.6,0.118,100,8.33,rain,0,0,15.2,13,219.3,1004.4,90.3,2.6,40,3.5,2,30,2024-05-24T05:58:28,2024-05-24T18:39:45,0.52,"Rain, Overcast",Cloudy skies throughout the day with rain clearing later.,rain,"VOCB,43318099999,43321099999,43341099999,43335099999,43317099999"
"Coimbatore,India",25/05/2024,84.2,75.2,79,89.6,75.2,80.7,72.8,82,0,0,0,rain,0,0,23.7,15,221.1,1005.7,89.5,3.4,109.6,9.4,5,10,2024-05-25T05:58:25,2024-05-25T18:40:01,0.56,Partially cloudy,Partly cloudy throughout the day.,partly-cloudy-day,"VOCB,43318099999,43321099999,43341099999,43335099999,remote,43317099999"
"Coimbatore,India",26/05/2024,89.6,77,81,100.3,77,83.7,73.2,78.2,0,0,0,,0,0,24.2,16.1,226.7,1006.3,79.7,4.2,280.6,24.2,9,10,2024-05-26T05:58:21,2024-05-26T18:40:17,0.6,Partially cloudy,Partly cloudy throughout the day.,partly-cloudy-day,"VOCB,43318099999,43321099999,43341099999,43335099999,remote,43317099999"
"Coimbatore,India",27/05/2024,89.6,75.2,81.8,99.8,75.2,86.5,74,78.2,0,0,0,,0,0,23.5,18.3,219.9,1007,48.6,3.4,291.5,25,9,10,2024-05-27T05:58:19,2024-05-27T18:40:33,0.63,Partially cloudy,Clearing in the afternoon.,partly-cloudy-day,"VOCB,43318099999,43321099999,43341099999,43335099999,43317099999"
"Coimbatore,India",28/05/2024,87.8,77,81,97.8,77,83.7,73.8,79.4,0,0,0,,0,0,24.2,17.2,225.8,1007.6,54.8,3,274,23.5,9,10,2024-05-28T05:58:18,2024-05-28T18:40:49,0.67,Partially cloudy,Partly cloudy throughout the day.,partly-cloudy-day,"VOCB,43318099999,43321099999,43341099999,43335099999,43317099999"
"Coimbatore,India",29/05/2024,91.4,76,81.9,102.8,76,86.4,74,77.8,0,0,0,,0,0,25.3,17.2,220.1,1006.9,47.9,3.6,298.4,26.1,10,30,2024-05-29T05:58:17,2024-05-29T18:41:06,0.7,Partially cloudy,Partly cloudy throughout the day.,partly-cloudy-day,"VOCB,43318099999,43321099999,43341099999,43335099999,remote,43317099999"
"Coimbatore,India",30/05/2024,91.4,77,82.3,102.7,77,86.3,74.6,79.1,0,0,0,,0,0,20.8,16.1,221.4,1007.4,45.4,3.5,296.3,25.5,10,60,2024-05-30T05:58:17,2024-05-30T18:41:22,0.75,Partially cloudy,Partly cloudy throughout the day.,partly-cloudy-day,"VOCB,43318099999,43321099999,43341099999,43335099999,remote,43317099999"
"Coimbatore,India",31/05/2024,93.5,77,83.5,107.7,77,90,75.4,77.9,0,0,0,,0,0,21.7,16.1,220.8,1007.5,41.8,3.5,293.4,25.4,10,75,2024-05-31T05:58:18,2024-05-31T18:41:39,0.78,Partially cloudy,Partly cloudy throughout the day.,partly-cloudy-day,"VOCB,43321099999,43341099999,43335099999,remote,43317099999"
"Coimbatore,India",01/06/2024,89.6,78.8,83.2,102.6,78.8,90.6,76.2,80.5,0.012,100,4.17,rain,0,0,23,15,216.3,1007.9,62.7,3.3,273.1,23.5,10,75,2024-06-01T05:58:19,2024-06-01T18:41:56,0.81,"Rain, Partially cloudy",Partly cloudy throughout the day with late afternoon rain.,rain,"VOCB,43318099999,43321099999,43341099999,43335099999,remote,43317099999"
"Coimbatore,India",02/06/2024,93.2,78.4,83.5,105.1,78.4,88.4,74.7,76.6,0.039,100,4.17,rain,0,0,19.9,15,220.3,1008.9,60.7,3.2,277.8,24,10,60,2024-06-02T05:58:21,2024-06-02T18:42:12,0.85,"Rain, Partially cloudy",Partly cloudy throughout the day with late afternoon rain.,rain,"VOCB,43318099999,43321099999,43341099999,43335099999,43317099999"
"Coimbatore,India",03/06/2024,91.4,76.6,82.4,101,76.6,86.9,74.4,78.3,0,0,0,rain,0,0,17.2,16.1,213.3,1009.4,70.2,2.9,254.1,21.9,9,60,2024-06-03T05:58:24,2024-06-03T18:42:29,0.88,Partially cloudy,Partly cloudy throughout the day.,partly-cloudy-day,"VOCB,43318099999,43321099999,43341099999,43335099999,43317099999"
"Coimbatore,India",04/06/2024,93.2,76.9,83.2,100.9,76.9,88.1,74.1,75.6,0,0,0,,0,0,18.6,13.9,222.7,1010,55.1,3.6,282.3,24.3,9,60,2024-06-04T05:58:28,2024-06-04T18:42:46,0.92,Partially cloudy,Partly cloudy throughout the day.,partly-cloudy-day,"VOCB,43318099999,43321099999,43341099999,43335099999,remote,43317099999"
"Coimbatore,India",05/06/2024,91.4,78.4,83.5,100.5,78.4,88.9,74.5,75.3,0,0,0,,0,0,19.2,12.9,219,1010.5,61.6,3.2,289.3,25,10,30,2024-06-05T05:58:32,2024-06-05T18:43:03,0.95,Partially cloudy,Partly cloudy throughout the day.,partly-cloudy-day,"VOCB,43318099999,43321099999,43341099999,43335099999,43317099999"
"Coimbatore,India",06/06/2024,91.4,78.4,82.3,100.5,78.4,86.6,74.4,78.3,0.004,100,4.17,rain,0,0,16.6,13,232.6,1011,73.5,3.6,217.9,18.8,9,30,2024-06-06T05:58:37,2024-06-06T18:43:19,0,"Rain, Partially cloudy",Partly cloudy throughout the day with afternoon rain.,rain,"VOCB,43318099999,43321099999,43341099999,43335099999,remote,43317099999"
"Coimbatore,India",07/06/2024,91.4,77,81.4,97.7,77,84.5,73,76.9,0.008,100,4.17,rain,0,0,19.5,17.2,229.7,1009.3,74.7,5.2,175.2,15.2,6,30,2024-06-07T05:58:43,2024-06-07T18:43:36,0.02,"Rain, Partially cloudy",Partly cloudy throughout the day with afternoon rain.,rain,"VOCB,43318099999,43321099999,43341099999,43335099999,remote,43317099999"
"Coimbatore,India",08/06/2024,91.7,75.3,82.2,101.2,75.3,85.1,72.7,74.7,0.197,100,8.33,rain,0,0,28.9,19.7,225,1009.4,58.9,3.7,296.3,25.5,10,30,2024-06-08T05:58:49,2024-06-08T18:43:52,0.06,"Rain, Partially cloudy",Partly cloudy throughout the day with late afternoon rain.,rain,"VOCB,43318099999,43321099999,43341099999,43335099999,remote,43317099999"
"Coimbatore,India",09/06/2024,87.8,73.4,80.6,97.8,73.4,84.2,72.6,77.8,0,0,0,,0,0,28.9,17.4,225,1009.2,59.9,4.1,292.3,25.3,9,10,2024-06-09T05:58:56,2024-06-09T18:44:09,0.09,Partially cloudy,Partly cloudy throughout the day.,partly-cloudy-day,"VOCB,43318099999,43321099999,43341099999,43335099999,remote,43317099999"
"Coimbatore,India",10/06/2024,89.6,74.6,80.7,98.2,74.6,83.4,72.7,77.9,0,0,0,,0,0,23.7,18.8,227.5,1010,55.7,4.6,292.5,25.3,10,10,2024-06-10T05:59:04,2024-06-10T18:44:25,0.12,Partially cloudy,Partly cloudy throughout the day.,partly-cloudy-day,"VOCB,43318099999,43321099999,43341099999,43335099999,remote,43317099999"
"Coimbatore,India",11/06/2024,89.6,75.2,80.4,98.2,75.2,83.5,73.3,80,0,0,0,,0,0,23,17.2,223.4,1009.9,64.1,4.6,189,16.4,7,10,2024-06-11T05:59:12,2024-06-11T18:44:41,0.15,Partially cloudy,Partly cloudy throughout the day.,partly-cloudy-day,"VOCB,43318099999,43321099999,43341099999,43335099999,remote,43317099999"
"Coimbatore,India",12/06/2024,82.4,77,79,88.3,77,80.6,73.6,84,0,0,0,,0,0,23,15,218.7,1011.4,81.3,3.6,151.5,13.2,8,10,2024-06-12T05:59:21,2024-06-12T18:44:57,0.19,Partially cloudy,Partly cloudy throughout the day.,partly-cloudy-day,"VOCB,43318099999,43321099999,43341099999,43335099999,remote,43317099999"
"Coimbatore,India",13/06/2024,91.4,75.2,81,102.4,75.2,84.7,74.3,81.4,0,0,0,,0,0,26.4,17.2,225.5,1011.1,72.8,3.2,258.4,22.3,9,10,2024-06-13T05:59:30,2024-06-13T18:45:12,0.22,Partially cloudy,Partly cloudy throughout the day.,partly-cloudy-day,"VOCB,43318099999,43321099999,43341099999,43335099999,43317099999"
"Coimbatore,India",14/06/2024,89.6,76.8,82.1,102.6,76.8,87.6,75.5,81.2,0,0,0,,0,0,21.9,13.9,221.1,1009.7,57.7,3.2,254.9,22.1,9,10,2024-06-14T05:59:40,2024-06-14T18:45:28,0.25,Partially cloudy,Partly cloudy throughout the day.,partly-cloudy-day,"VOCB,43318099999,43321099999,43341099999,43335099999,43317099999"
"Coimbatore,India",15/06/2024,91.5,74.2,82.6,102.9,74.2,87.3,73.9,76.6,0,0,0,,0,0,21.7,17.2,227.7,1009.2,41.4,4.2,302.7,26.2,10,10,2024-06-15T05:59:50,2024-06-15T18:45:43,0.28,Partially cloudy,Becoming cloudy in the afternoon.,partly-cloudy-day,"VOCB,43318099999,43321099999,43341099999,43335099999,remote,43317099999"
"Coimbatore,India",16/06/2024,91.5,77,83.5,105.1,77,88.7,73.7,73.4,0,0,0,,0,0,26.4,17.2,226.8,1009.4,32.4,3.4,305.4,26.5,10,10,2024-06-16T06:00:01,2024-06-16T18:45:58,0.31,Partially cloudy,Partly cloudy throughout the day.,partly-cloudy-day,"VOCB,43318099999,43321099999,43341099999,43335099999,43317099999"
"Coimbatore,India",17/06/2024,93.2,76.8,83.7,105.1,76.8,88.3,72.8,71.3,0,0,0,,0,0,21,16.1,222.1,1009.1,38.9,3.8,301.3,25.9,10,30,2024-06-17T06:00:12,2024-06-17T18:46:12,0.35,Partially cloudy,Partly cloudy throughout the day.,partly-cloudy-day,"VOCB,43318099999,43321099999,43341099999,43335099999,remote,43317099999"
"Coimbatore,India",18/06/2024,93.2,78.4,83.4,102.9,78.4,87.9,73,72.1,0,0,0,,0,0,22.6,18.3,226.8,1009,49.4,4,279.5,24.1,9,30,2024-06-18T06:00:24,2024-06-18T18:46:26,0.38,Partially cloudy,Partly cloudy throughout the day.,partly-cloudy-day,"VOCB,43318099999,43321099999,43341099999,43335099999,remote,43317099999"
"Coimbatore,India",19/06/2024,91.5,76.6,81.8,102.3,76.6,85.4,73.6,77.1,0,0,0,,0,0,24.2,17.2,224.7,1008.2,65,4.7,283.3,24.4,9,30,2024-06-19T06:00:36,2024-06-19T18:46:40,0.41,Partially cloudy,Partly cloudy throughout the day.,partly-cloudy-day,"VOCB,43318099999,43321099999,43341099999,43335099999,remote,43317099999"
"Coimbatore,India",20/06/2024,89.7,77,81.2,100.3,77,83.7,73,77.3,0,0,0,,0,0,24.6,24.2,228.3,1008.5,68.4,4.2,188.2,16.1,9,10,2024-06-20T06:00:48,2024-06-20T18:46:53,0.44,Partially cloudy,Partly cloudy throughout the day.,partly-cloudy-day,"VOCB,43318099999,43321099999,43341099999,43335099999,remote,43317099999"
"Coimbatore,India",21/06/2024,86,75.2,78.9,94.2,75.2,80.6,72,80.2,0,0,0,,0,0,22.1,17.2,225,1008.7,72.4,4.8,76.2,6.5,4,10,2024-06-21T06:01:01,2024-06-21T18:47:06,0.47,Partially cloudy,Partly cloudy throughout the day.,partly-cloudy-day,"VOCB,43318099999,43321099999,43341099999,43335099999,remote,43317099999"
"Coimbatore,India",22/06/2024,87.8,71.5,79.4,97.8,71.5,82,72.4,80.1,0,0,0,,0,0,23,18.3,224,1006.8,70.4,5,171.6,14.9,7,10,2024-06-22T06:01:15,2024-06-22T18:47:19,0.5,Partially cloudy,Partly cloudy throughout the day.,partly-cloudy-day,"VOCB,43318099999,43321099999,43341099999,43335099999,remote,43317099999"
"Coimbatore,India",23/06/2024,86.1,75.2,79.3,94.7,75.2,81.5,73.4,83.1,0,0,0,rain,0,0,23.7,20.8,227.1,1006.4,74.9,3.3,60.3,5.1,4,10,2024-06-23T06:01:28,2024-06-23T18:47:31,0.54,Partially cloudy,Partly cloudy throughout the day.,partly-cloudy-day,"VOCB,43318099999,43321099999,43341099999,43335099999,43317099999"
"Coimbatore,India",24/06/2024,89.9,75,79.9,95.9,75,82.5,73.2,81.2,0,0,0,rain,0,0,35.8,24.2,227.6,1006.2,79.8,3.4,174.4,14.9,7,10,2024-06-24T06:01:42,2024-06-24T18:47:43,0.58,Partially cloudy,Partly cloudy throughout the day.,partly-cloudy-day,"VOCB,43318099999,43321099999,43341099999,43335099999,43317099999"
"Coimbatore,India",25/06/2024,87.8,73.4,78.5,95.1,73.4,80.3,72.3,82.3,0.276,100,4.17,rain,0,0,28.9,17.2,226.9,1006,88.1,3.5,124.5,10.8,6,10,2024-06-25T06:01:56,2024-06-25T18:47:54,0.62,"Rain, Partially cloudy",Partly cloudy throughout the day with late afternoon rain.,rain,"VOCB,43318099999,43321099999,43341099999,43335099999,remote,43317099999"
"Coimbatore,India",26/06/2024,84.2,73.4,77.6,90.1,73.4,79.2,72.5,84.9,0.118,100,8.33,rain,0,0,27.7,18.3,229.1,1006.9,90.9,4.3,64.8,5.5,5,10,2024-06-26T06:02:11,2024-06-26T18:48:04,0.65,"Rain, Overcast",Cloudy skies throughout the day with late afternoon rain.,rain,"VOCB,43318099999,43321099999,43341099999,43335099999,remote,43317099999"
"Coimbatore,India",27/06/2024,87.8,69.7,77.8,94.2,69.7,79.3,72.5,84.6,0,0,0,rain,0,0,25.3,16.1,226.6,1007.9,90.5,4.2,61.8,5.4,2,10,2024-06-27T06:02:25,2024-06-27T18:48:14,0.69,Overcast,Cloudy skies throughout the day.,cloudy,"VOCB,43318099999,43321099999,43341099999,43335099999,remote,43317099999"
"Coimbatore,India",28/06/2024,85.2,75,78.7,88.8,75,80.4,72.6,82.3,0,0,0,,0,0,23,19.7,227.4,1008.9,80.4,3.6,258.6,22.2,9,10,2024-06-28T06:02:40,2024-06-28T18:48:24,0.72,Partially cloudy,Partly cloudy throughout the day.,partly-cloudy-day,"VOCB,43318099999,43321099999,43341099999,43335099999,remote,43317099999"
"Coimbatore,India",29/06/2024,87.8,75.2,80.8,97.8,75.2,84.1,73.8,80.5,0,0,0,,0,0,21,17.2,222.7,1009.1,42.1,4.3,300.4,25.8,9,30,2024-06-29T06:02:55,2024-06-29T18:48:33,0.75,Partially cloudy,Partly cloudy throughout the day.,partly-cloudy-day,"VOCB,43318099999,43321099999,43341099999,43335099999,remote,43317099999"
"Coimbatore,India",30/06/2024,89.2,75.2,80.4,99.2,75.2,83.2,74,81.8,0,0,0,,0,0,20.6,16.1,223.2,1010,67.1,3.9,218.2,18.7,8,30,2024-06-30T06:03:11,2024-06-30T18:48:41,0.8,Partially cloudy,Partly cloudy throughout the day.,partly-cloudy-day,"VOCB,43318099999,43321099999,43341099999,43335099999,remote,43317099999"
"Coimbatore,India",01/07/2024,84.3,74.8,78.2,91.2,74.8,80.1,73.2,85,0,0,0,,0,0,21.7,16.1,222.5,1010.3,83.7,3.2,221.1,19.1,8,10,2024-07-01T06:03:26,2024-07-01T18:48:48,0.83,Partially cloudy,Partly cloudy throughout the day.,partly-cloudy-day,"VOCB,43318099999,43321099999,43341099999,43335099999,43317099999"
"Coimbatore,India",02/07/2024,91.4,74.8,81.3,100.5,74.8,84.7,73.1,78.1,0,0,0,,0,0,20.8,18.3,220.2,1008.6,79.4,4.3,186.9,16,7,30,2024-07-02T06:03:41,2024-07-02T18:48:55,0.87,Partially cloudy,Partly cloudy throughout the day.,partly-cloudy-day,"VOCB,43318099999,43321099999,43341099999,43335099999,remote,43317099999"
"Coimbatore,India",03/07/2024,89.6,75.5,82,96.4,75.5,84.8,72.2,74.1,0,0,0,,0,0,28.9,17.2,225,1009.4,54.4,3.3,261,22.5,8,10,2024-07-03T06:03:57,2024-07-03T18:49:02,0.9,Partially cloudy,Partly cloudy throughout the day.,partly-cloudy-day,"VOCB,43318099999,43321099999,43341099999,43335099999,43317099999"
"Coimbatore,India",04/07/2024,91.5,73.4,81.2,100.4,73.4,84.5,71.9,75.3,0,0,0,,0,0,20.4,16.1,221.7,1009.3,56.7,5,274.7,23.7,10,30,2024-07-04T06:04:13,2024-07-04T18:49:07,0.94,Partially cloudy,Partly cloudy throughout the day.,partly-cloudy-day,"VOCB,43318099999,43321099999,43341099999,43335099999,remote,43317099999"
"Coimbatore,India",05/07/2024,91.4,76.4,82.1,100.5,76.4,85,72.4,74.1,0,0,0,,0,0,25.3,17.2,222.3,1008.6,49.4,3.3,282.5,24.3,9,10,2024-07-05T06:04:28,2024-07-05T18:49:12,0.98,Partially cloudy,Partly cloudy throughout the day.,partly-cloudy-day,"VOCB,43318099999,43321099999,43341099999,43335099999,43317099999"
"Coimbatore,India",06/07/2024,87.8,74.6,79.6,96,74.6,81.6,71.8,78,0.016,100,4.17,rain,0,0,24.2,18.3,221.5,1008,69.1,3.6,196.8,17.1,8,10,2024-07-06T06:04:44,2024-07-06T18:49:17,0,"Rain, Partially cloudy",Partly cloudy throughout the day with morning rain.,rain,"VOCB,43318099999,43321099999,43341099999,43335099999,remote,43317099999"
"Coimbatore,India",07/07/2024,86,73.4,77.8,93.5,73.4,79.2,72.7,85,0.039,100,4.17,rain,0,0,20.8,17.2,217,1008.2,79,3.2,133.7,11.6,5,10,2024-07-07T06:05:00,2024-07-07T18:49:20,0.04,"Rain, Partially cloudy",Partly cloudy throughout the day with morning rain.,rain,"VOCB,43318099999,43321099999,43341099999,43335099999,43317099999"
"Coimbatore,India",08/07/2024,82.4,73.4,77.3,87.2,73.4,78.2,71.8,83.8,0.157,100,8.33,rain,0,0,25.3,17.8,225.3,1008.1,77.9,3.6,153.2,13.2,7,10,2024-07-08T06:05:15,2024-07-08T18:49:23,0.07,"Rain, Partially cloudy",Partly cloudy throughout the day with rain clearing later.,rain,"VOCB,43318099999,43321099999,43341099999,43335099999,remote,43317099999"
"Coimbatore,India",09/07/2024,87.9,73.2,79.3,95.9,73.2,81.7,71.9,78.9,0,0,0,rain,0,0,21,17.2,222.7,1008.9,71.4,3.2,173.7,15,6,10,2024-07-09T06:05:31,2024-07-09T18:49:25,0.11,Partially cloudy,Partly cloudy throughout the day.,partly-cloudy-day,"VOCB,43318099999,43321099999,43341099999,43335099999,43317099999"
"Coimbatore,India",10/07/2024,89.9,73.4,80.9,100.1,73.4,84.7,72.2,76.2,0,0,0,,0,0,22.1,19.7,222.1,1011,60.8,3.5,249.8,21.6,9,30,2024-07-10T06:05:46,2024-07-10T18:49:26,0.14,Partially cloudy,Partly cloudy throughout the day.,partly-cloudy-day,"VOCB,43318099999,43321099999,43341099999,43335099999,remote,43317099999"
"Coimbatore,India",11/07/2024,89.4,75.2,80.6,98.3,75.2,83.9,73.1,79.1,0,0,0,,0,0,19.5,15,223.2,1010.1,53.9,4.3,222.8,19,8,30,2024-07-11T06:06:02,2024-07-11T18:49:26,0.17,Partially cloudy,Partly cloudy throughout the day.,partly-cloudy-day,"VOCB,43318099999,43321099999,43341099999,43335099999,remote,43317099999"
"Coimbatore,India",12/07/2024,89.9,73.5,80.2,97.4,73.5,82.6,72.8,80,0.157,100,4.17,rain,0,0,27.7,18.6,225.6,1008.7,64.4,3.6,281.8,24.4,9,30,2024-07-12T06:06:17,2024-07-12T18:49:26,0.2,"Rain, Partially cloudy",Partly cloudy throughout the day with late afternoon rain.,rain,"VOCB,43318099999,43321099999,43341099999,43335099999,remote,43317099999"
"Coimbatore,India",13/07/2024,84.5,73.3,78.2,90.4,73.3,80.2,72.1,82.5,0.004,100,4.17,rain,0,0,26.4,18.3,222.7,1008.6,89.9,4.6,98.6,8.5,5,10,2024-07-13T06:06:32,2024-07-13T18:49:25,0.24,"Rain, Partially cloudy",Partly cloudy throughout the day with morning rain.,rain,"VOCB,43318099999,43321099999,43341099999,43335099999,remote,43317099999"
"Coimbatore,India",14/07/2024,86,72.4,78.1,92.3,72.4,79.8,71.5,81.1,0.016,100,8.33,rain,0,0,23.7,19.7,224.4,1007,90.5,4.6,203.5,17.7,7,10,2024-07-14T06:06:47,2024-07-14T18:49:23,0.25,"Rain, Overcast",Cloudy skies throughout the day with rain.,rain,"VOCB,43318099999,43321099999,43341099999,remote,43317099999"
"Coimbatore,India",15/07/2024,82.4,73.3,77,89.5,73.3,78.1,72.5,86.6,0.118,100,8.33,rain,0,0,28,18.3,228.8,1006.8,94.1,2.8,67.9,5.9,3,10,2024-07-15T06:07:02,2024-07-15T18:49:20,0.3,"Rain, Overcast",Cloudy skies throughout the day with rain in the morning and afternoon.,rain,"VOCB,43318099999,43321099999,43341099999,43335099999,43317099999"
"Coimbatore,India",16/07/2024,82.1,72.9,75.7,85.1,72.9,76,71,85.7,0.402,100,12.5,rain,0,0,30,18.3,230.5,1007.2,97.4,4.6,147.7,12.7,7,10,2024-07-16T06:07:17,2024-07-16T18:49:17,0.33,"Rain, Overcast",Cloudy skies throughout the day with rain clearing later.,rain,"VOCB,43318099999,43321099999,43341099999,43335099999,remote,43317099999"
"Coimbatore,India",17/07/2024,86,75.2,77.9,89.4,75.2,79.2,71.5,81.8,0.228,100,12.5,rain,0,0,30,19.7,229.7,1008.4,90.1,3.1,87.7,7.7,5,10,2024-07-17T06:07:31,2024-07-17T18:49:12,0.37,"Rain, Overcast",Cloudy skies throughout the day with rain.,rain,"VOCB,43318099999,43321099999,43341099999,43335099999,remote,43317099999"
"Coimbatore,India",18/07/2024,78.7,72.4,75.6,78.7,72.4,75.6,71.2,86.6,0.815,100,58.33,rain,0,0,30,18.3,224.1,1009.1,92.1,4.7,31.3,2.8,1,10,2024-07-18T06:07:45,2024-07-18T18:49:07,0.4,"Rain, Overcast",Cloudy skies throughout the day with a chance of rain throughout the day.,rain,"VOCB,43321099999,remote"
"Coimbatore,India",19/07/2024,84.1,73.3,79.2,88.3,73.3,80.9,69.9,73.9,0.02,100,20.83,rain,0,0,34.4,23,238.8,1007.9,68,3.3,188.6,16.5,8,10,2024-07-19T06:07:59,2024-07-19T18:49:01,0.43,"Rain, Partially cloudy",Partly cloudy throughout the day with a chance of rain throughout the day.,rain,VOCB
"Coimbatore,India",20/07/2024,87.7,76.9,81.1,92.6,76.9,83,68.8,67.2,0.004,100,4.17,rain,0,0,34.4,23,238.1,1007.8,32.3,4.5,231.9,19.9,9,10,2024-07-20T06:08:13,2024-07-20T18:48:54,0.46,"Rain, Partially cloudy",Partly cloudy throughout the day with morning rain.,rain,"VOCB,remote"
